02/20/2017,06:22:13 PM,SQLiteHelper - getChangeLog,[SQLITE_ERROR] SQL error or missing database (no such table: changelog)
02/20/2017,06:22:18 PM,SQLiteHelper - getChangeLog,[SQLITE_ERROR] SQL error or missing database (no such table: changelog)
02/24/2017,05:22:01 PM,SQLiteHelper - checkForStudent,[SQLITE_ERROR] SQL error or missing database (near "Keia": syntax error)
02/24/2017,05:22:06 PM,SQLiteHelper - insertIntoStudents,near "Keia": syntax error
02/24/2017,05:22:08 PM,SQLiteHelper - getStudentID,[SQLITE_ERROR] SQL error or missing database (near "Keia": syntax error)
